{"id":["VP2","VP2","VP2","VP2","VP2","VP2","VP2","VP2","VP2","VP2","VP2","VP2","VP2","VP2","VP2","VP3","VP3","VP3","VP3","VP3","VP3","VP3","VP3","VP3","VP3","VP3","VP3","VP3","VP3","VP3","VP3","VP3","VP3","VP3","VP3","VP3","VP3","VP3","VP3","VP3","VP3","VP3","VP3","VP3","VP3","VP2","VP2","VP2","VP2","VP2","VP2","VP2","VP2","VP2","VP2","VP2","VP2","VP2","VP2","VP2"],"test_day":[1,1,1,1,1,1,1,1,1,1,1,1,1,1,1,1,1,1,1,1,1,1,1,1,1,1,1,1,1,1,2,2,2,2,2,2,2,2,2,2,2,2,2,2,2,2,2,2,2,2,2,2,2,2,2,2,2,2,2,2],"subage":[4,4,4,4,4,4,4,4,4,4,4,4,4,4,4,3,3,3,3,3,3,3,3,3,3,3,3,3,3,3,3,3,3,3,3,3,3,3,3,3,3,3,3,3,3,4,4,4,4,4,4,4,4,4,4,4,4,4,4,4],"age":[4.435318275154,4.435318275154,4.435318275154,4.435318275154,4.435318275154,4.435318275154,4.435318275154,4.435318275154,4.435318275154,4.435318275154,4.435318275154,4.435318275154,4.435318275154,4.435318275154,4.435318275154,3.69883641341547,3.69883641341547,3.69883641341547,3.69883641341547,3.69883641341547,3.69883641341547,3.69883641341547,3.69883641341547,3.69883641341547,3.69883641341547,3.69883641341547,3.69883641341547,3.69883641341547,3.69883641341547,3.69883641341547,3.69883641341547,3.69883641341547,3.69883641341547,3.69883641341547,3.69883641341547,3.69883641341547,3.69883641341547,3.69883641341547,3.69883641341547,3.69883641341547,3.69883641341547,3.69883641341547,3.69883641341547,3.69883641341547,3.69883641341547,4.435318275154,4.435318275154,4.435318275154,4.435318275154,4.435318275154,4.435318275154,4.435318275154,4.435318275154,4.435318275154,4.435318275154,4.435318275154,4.435318275154,4.435318275154,4.435318275154,4.435318275154],"age_month":[4.41666666666667,4.41666666666667,4.41666666666667,4.41666666666667,4.41666666666667,4.41666666666667,4.41666666666667,4.41666666666667,4.41666666666667,4.41666666666667,4.41666666666667,4.41666666666667,4.41666666666667,4.41666666666667,4.41666666666667,3.66666666666667,3.66666666666667,3.66666666666667,3.66666666666667,3.66666666666667,3.66666666666667,3.66666666666667,3.66666666666667,3.66666666666667,3.66666666666667,3.66666666666667,3.66666666666667,3.66666666666667,3.66666666666667,3.66666666666667,3.66666666666667,3.66666666666667,3.66666666666667,3.66666666666667,3.66666666666667,3.66666666666667,3.66666666666667,3.66666666666667,3.66666666666667,3.66666666666667,3.66666666666667,3.66666666666667,3.66666666666667,3.66666666666667,3.66666666666667,4.41666666666667,4.41666666666667,4.41666666666667,4.41666666666667,4.41666666666667,4.41666666666667,4.41666666666667,4.41666666666667,4.41666666666667,4.41666666666667,4.41666666666667,4.41666666666667,4.41666666666667,4.41666666666667,4.41666666666667],"task":["mutual_exclusivity","mutual_exclusivity","mutual_exclusivity","mutual_exclusivity","mutual_exclusivity","simple_inf","simple_inf","simple_inf","simple_inf","simple_inf","ad_hoc_implicature","ad_hoc_implicature","ad_hoc_implicature","ad_hoc_implicature","ad_hoc_implicature","mutual_exclusivity","mutual_exclusivity","mutual_exclusivity","mutual_exclusivity","mutual_exclusivity","simple_inf","simple_inf","simple_inf","simple_inf","simple_inf","ad_hoc_implicature","ad_hoc_implicature","ad_hoc_implicature","ad_hoc_implicature","ad_hoc_implicature","mutual_exclusivity","mutual_exclusivity","mutual_exclusivity","mutual_exclusivity","mutual_exclusivity","simple_inf","simple_inf","simple_inf","simple_inf","simple_inf","ad_hoc_implicature","ad_hoc_implicature","ad_hoc_implicature","ad_hoc_implicature","ad_hoc_implicature","mutual_exclusivity","mutual_exclusivity","mutual_exclusivity","mutual_exclusivity","mutual_exclusivity","simple_inf","simple_inf","simple_inf","simple_inf","simple_inf","ad_hoc_implicature","ad_hoc_implicature","ad_hoc_implicature","ad_hoc_implicature","ad_hoc_implicature"],"trial":[1,2,3,4,5,1,2,3,4,5,1,2,3,4,5,1,2,3,4,5,1,2,3,4,5,1,2,3,4,5,6,7,8,9,10,6,7,8,9,10,6,7,8,9,10,6,7,8,9,10,6,7,8,9,10,6,7,8,9,10],"item":["carrot","garlic","eggplant","duck","horseshoe","bear","robot","rocket","truck","dino","box","chair","table","plate","house","carrot","garlic","eggplant","duck","horseshoe","bear","robot","rocket","truck","dino","box","chair","table","plate","house","carrot","garlic","eggplant","duck","horseshoe","bear","robot","rocket","truck","dino","box","chair","table","plate","house","carrot","garlic","eggplant","duck","horseshoe","bear","robot","rocket","truck","dino","box","chair","table","plate","house"],"correct":[1,1,1,1,1,1,1,0,0,0,1,1,1,1,1,1,0,0,1,0,1,1,0,1,1,1,1,1,0,1,1,1,0,1,1,1,0,0,1,1,1,1,1,1,0,1,1,1,1,1,1,1,0,0,1,1,1,1,1,1]}
